xDistance,yDistance,hypotenuse,Cost to Goal
289,289,408.7077195,1426
289,289,407.2959612,1425.5
289,289,407.2959612,1425
289,288,407.2959612,1422
289,287,407.2959612,1419
289,286,406.591933,1418
289,286,405.8817562,1417.5
288,286,405.8817562,1416.5
288,286,404.4749683,1416
288,285,404.4749683,1413
288,284,404.4749683,1410
288,283,403.7734513,1408
288,282,402.3742039,1405
288,281,402.3742039,1404
288,281,401.6590594,1403.5
287,281,401.6590594,1401.5
286,281,400.9451334,1398.5
285,281,399.5209632,1395.5
284,281,399.5209632,1393.5
284,281,398.116817,1392.5
284,280,398.116817,1389.5
284,279,398.116817,1388.5
284,278,396.7177838,1385.5
284,277,396.7177838,1380.5
284,276,395.3239178,1377.5
284,275,395.3239178,1374.5
284,274,394.6289396,1373.5
284,274,393.9098882,1373
283,274,393.9098882,1372
283,274,393.2149539,1371.5
283,273,393.2149539,1370.5
283,272,392.521337,1367.5
283,272,391.8009699,1366
282,272,391.8009699,1365
282,272,390.4151636,1364.5
282,271,390.4151636,1361.5
282,270,390.4151636,1360.5
282,269,389.0347028,1357.5
282,268,389.0347028,1354.5
282,268,388.3104428,1353
281,268,388.3104428,1351
281,268,386.9328107,1350
281,267,386.9328107,1347
281,266,386.9328107,1343
281,266,385.4828141,1341
280,266,385.4828141,1338
279,266,385.4828141,1337
279,266,384.7934511,1336.5
279,265,384.7934511,1335.5
279,265,384.0690042,1335
278,265,384.0690042,1333
278,265,383.3797073,1332
278,264,383.3797073,1331
278,263,382.691782,1329
278,263,381.9659671,1328
277,263,381.9659671,1324
277,263,381.2781137,1322
277,262,381.2781137,1319
277,261,379.9065675,1316
277,260,379.9065675,1315
277,259,378.5406187,1312
277,258,378.5406187,1311
277,258,377.8094758,1310.5
276,258,377.8094758,1309.5
275,258,377.0795672,1307.5
275,258,376.396068,1306.5
275,257,376.396068,1300.5
275,257,375.6660751,1297.5
274,257,375.6660751,1296.5
273,257,374.9373281,1295.5
273,257,373.5692707,1295
273,256,373.5692707,1292
273,255,373.5692707,1290
273,254,372.2069317,1287
273,253,372.2069317,1284
273,253,371.4740906,1282.5
272,253,371.4740906,1280.5
271,253,370.7424982,1279.5
270,253,370.012162,1277.5
270,253,369.3291215,1276.5
270,252,369.3291215,1275.5
270,251,368.6475281,1274.5
270,250,367.2887148,1271.5
270,249,367.2887148,1268.5
270,249,365.8209945,1267
269,249,365.8209945,1264
268,249,365.8209945,1263
267,249,365.0890302,1261
266,249,363.6289317,1258
265,249,363.6289317,1257
265,249,362.9448994,1256.5
265,248,362.9448994,1254.5
265,248,362.2154055,1253.5
264,248,362.2154055,1251.5
264,248,361.5314647,1250.5
264,247,361.5314647,1248.5
264,246,360.8489989,1247.5
264,245,360.1680163,1244.5
264,245,359.4356688,1243
263,245,359.4356688,1241
263,245,358.0754111,1240
263,244,358.0754111,1237
263,243,358.0754111,1236
263,242,356.7211796,1233
263,241,356.7211796,1232
263,241,355.9845502,1231.5
262,241,355.9845502,1230.5
262,241,354.6336137,1230
262,240,354.6336137,1227
262,239,354.6336137,1226
262,239,353.8954648,1225.5
261,239,353.8954648,1222.5
261,239,353.2208941,1221
261,238,353.2208941,1220
261,238,352.4826237,1219.5
260,238,352.4826237,1216.5
260,238,351.1353016,1215
260,237,351.1353016,1212
260,236,351.1353016,1211
260,236,350.3954908,1210.5
259,236,350.3954908,1208.5
259,236,349.7227473,1207.5
259,235,349.7227473,1204.5
259,235,348.2441672,1203
258,235,348.2441672,1200
257,235,348.2441672,1199
257,235,347.5701368,1198.5
257,234,347.5701368,1196.5
257,233,346.2268043,1193.5
257,232,346.2268043,1192.5
257,232,344.7448332,1192
256,232,344.7448332,1189
255,232,344.7448332,1188
254,232,343.2681168,1185
253,232,343.2681168,1183
252,232,341.7967232,1180
251,232,341.7967232,1176
251,232,341.1187477,1174
251,231,341.1187477,1173
251,231,340.3836071,1172.5
250,231,340.3836071,1171.5
250,231,339.705755,1171
250,230,339.705755,1170
250,230,338.2366036,1169.5
249,230,338.2366036,1166.5
248,230,338.2366036,1163.5
248,230,337.5574025,1162
248,229,337.5574025,1160
248,228,336.2038072,1157
248,227,336.2038072,1156
248,226,334.8566858,1153
248,225,334.8566858,1149
248,224,334.1855772,1148
248,223,333.5161166,1147
248,223,332.031625,1146.5
247,223,332.031625,1143.5
246,223,332.031625,1142.5
246,223,331.3608305,1142
246,222,331.3608305,1140
246,222,330.6191162,1139
245,222,330.6191162,1138
245,222,329.9484808,1137.5
245,221,329.9484808,1136.5
245,220,329.2795165,1133.5
245,220,327.7941427,1132
244,220,327.7941427,1129
243,220,327.7941427,1128
243,220,326.4552037,1127.5
243,219,326.4552037,1124.5
243,218,326.4552037,1123.5
243,218,325.7115288,1123
242,218,325.7115288,1122
242,218,325.0430741,1121.5
242,217,325.0430741,1120.5
242,216,324.3763247,1119.5
242,216,323.6309627,1119
241,216,323.6309627,1117
240,216,322.8869771,1115
240,216,321.5524841,1114
240,215,321.5524841,1111
240,214,321.5524841,1108
240,213,320.224921,1105
240,212,320.224921,1103
240,212,319.4761337,1102
239,212,319.4761337,1101
239,212,318.1524792,1100.5
239,211,318.1524792,1097.5
239,210,318.1524792,1095.5
239,209,317.493307,1093.5
239,209,315.9905062,1092.5
238,209,315.9905062,1089.5
237,209,315.9905062,1088.5
236,209,314.4932432,1085.5
235,209,314.4932432,1083.5
234,209,313.7467131,1082.5
234,209,313.081459,1082
234,208,313.081459,1080
234,207,312.4179892,1078
234,207,311.669697,1077
233,207,311.669697,1076
233,207,311.0064308,1075.5
233,206,311.0064308,1073.5
233,205,309.6853242,1070.5
233,204,309.6853242,1068.5
233,203,308.3715292,1065.5
233,202,308.3715292,1063.5
233,201,307.7174028,1062.5
233,200,307.0651397,1061.5
233,200,305.5503232,1061
232,200,305.5503232,1058
231,200,305.5503232,1057
231,200,304.8967038,1056.5
231,199,304.8967038,1054.5
231,199,304.1397705,1053.5
230,199,304.1397705,1052.5
230,199,303.4864083,1052
230,198,303.4864083,1051
230,198,302.729252,1050.5
229,198,302.729252,1047.5
229,198,301.4249492,1046
229,197,301.4249492,1043
229,196,301.4249492,1042
229,196,299.9083193,1041.5
228,196,299.9083193,1038.5
227,196,299.9083193,1036.5
226,196,299.1521352,1035.5
226,196,298.4979062,1035
226,195,298.4979062,1034
226,195,297.7414986,1033.5
225,195,297.7414986,1032.5
225,195,296.4354905,1032
225,194,296.4354905,1029
225,193,296.4354905,1024
225,192,295.1372562,1021
225,191,295.1372562,1018
225,190,294.4910865,1017
225,190,293.7277651,1016.5
224,190,293.7277651,1015.5
224,190,293.0818998,1015
224,189,293.0818998,1014
224,189,291.5561695,1013.5
223,189,291.5561695,1010.5
222,189,291.5561695,1007.5
221,189,290.7954608,1003.5
220,189,289.2784126,1000.5
219,189,289.2784126,999.5
219,189,287.9756934,999
219,188,287.9756934,996
219,187,287.9756934,995
219,187,286.4576758,994.5
218,187,286.4576758,991.5
217,187,286.4576758,990.5
216,187,284.9456088,987.5
215,187,284.9456088,983.5
214,187,283.4395879,980.5
213,187,283.4395879,979.5
212,187,282.6888749,977.5
211,187,281.1921052,974.5
210,187,281.1921052,973.5
210,187,280.5280735,973
210,186,280.5280735,972
210,185,279.8660394,970
210,184,279.2060171,968
210,184,277.7048793,967
209,184,277.7048793,964
208,184,277.7048793,962
207,184,276.210065,959
206,184,276.210065,958
205,184,274.7216773,955
204,184,274.7216773,954
203,184,273.2398214,951
202,184,273.2398214,949
201,184,272.5013761,948
200,184,271.764604,946
199,184,271.0295187,945
198,184,269.5644635,942
197,184,269.5644635,941
196,184,268.8345216,939
195,184,268.1063222,938
195,184,266.7376989,937.5
195,183,266.7376989,934.5
195,182,266.7376989,932.5
195,182,266.0075187,931.5
194,182,266.0075187,930.5
193,182,265.2790983,926.5
193,182,263.9109698,924.5
193,181,263.9109698,921.5
193,180,263.9109698,920.5
193,180,262.4519004,920
192,180,262.4519004,917
191,180,262.4519004,915
190,180,261.7250466,914
190,180,260.3536057,913.5
190,179,260.3536057,910.5
190,178,260.3536057,907.5
190,177,258.9903473,904.5
190,176,258.9903473,903.5
190,176,258.2576233,903
189,176,258.2576233,902
189,176,257.5771729,901.5
189,175,257.5771729,899.5
189,174,256.8988128,898.5
189,173,255.5484299,895.5
189,172,255.5484299,891.5
189,172,254.0728242,889.5
188,172,254.0728242,886.5
187,172,254.0728242,884.5
187,172,252.7231687,883.5
187,171,252.7231687,880.5
187,170,252.7231687,879.5
187,169,252.051582,877.5
187,168,250.7149776,874.5
187,167,250.7149776,871.5
187,166,250.049995,869.5
187,165,248.7267577,866.5
187,164,248.7267577,864.5
187,163,247.4126108,861.5
187,162,247.4126108,860.5
187,162,245.904453,860
186,162,245.904453,857
185,162,245.904453,856
185,162,245.2468145,855.5
185,161,245.2468145,854.5
185,160,243.9385168,851.5
185,159,243.9385168,850.5
185,158,243.2878953,847.5
185,157,241.9938016,844.5
185,156,241.9938016,843.5
185,155,241.3503677,842.5
185,154,240.0708229,839.5
185,153,240.0708229,837.5
185,153,239.3010656,836.5
184,153,239.3010656,831.5
184,153,238.6629422,829
184,152,238.6629422,828
184,151,238.0273094,827
184,150,237.394187,825
184,149,236.7635952,824
184,148,236.1355543,822
184,148,235.3571754,821
183,148,235.3571754,820
183,148,234.7296317,819.5
183,147,234.7296317,818.5
183,146,233.4823334,815.5
183,145,233.4823334,811.5
183,144,232.2455597,808.5
183,143,232.2455597,807.5
183,142,231.0194797,804.5
183,141,231.0194797,801.5
183,140,230.4105032,799.5
183,140,229.6170725,798.5
182,140,229.6170725,797.5
182,140,229.0087335,797
182,139,229.0087335,796
182,139,228.2148111,795.5
181,139,228.2148111,790.5
181,139,227.6071176,788
181,138,227.6071176,787
181,138,226.0199106,786.5
180,138,226.0199106,783.5
179,138,226.0199106,782.5
178,138,224.4393014,779.5
177,138,224.4393014,778.5
177,138,223.2151429,778
177,137,223.2151429,775
177,136,223.2151429,774
177,136,221.6325788,773.5
176,136,221.6325788,770.5
175,136,221.6325788,769.5
175,136,221.0203611,769
175,135,221.0203611,768
175,135,219.4401969,767.5
174,135,219.4401969,764.5
173,135,219.4401969,762.5
172,135,218.6526926,758.5
171,135,217.0829335,755.5
170,135,217.0829335,753.5
169,135,216.3007166,752.5
169,135,215.6780007,752
169,134,215.6780007,751
169,133,215.0581317,749
169,132,214.4411341,747
169,132,212.868504,746
168,132,212.868504,743
167,132,212.868504,742
166,132,212.0848887,741
166,132,210.8459153,740.5
166,131,210.8459153,737.5
166,130,210.8459153,734.5
166,130,210.0595154,733
165,130,210.0595154,731
165,130,208.8276802,730
165,129,208.8276802,727
165,128,208.8276802,724
165,128,208.038458,722.5
164,128,208.038458,721.5
164,128,207.4246851,721
164,127,207.4246851,720
164,126,206.2062075,717
164,125,206.2062075,714
164,124,205.6015564,713
164,123,205,711
164,123,203.4035398,710
163,123,203.4035398,707
162,123,203.4035398,705
161,123,202.6079959,703
160,123,201.8142711,702
159,123,201.0223868,701
159,123,200.4120755,700.5
159,122,200.4120755,698.5
159,122,199.6196383,697.5
158,122,199.6196383,696.5
158,122,199.01005,696
158,121,199.01005,695
158,121,198.2170527,694.5
157,121,198.2170527,693.5
156,121,197.4259355,692.5
156,121,196.8146336,692
156,120,196.8146336,688
156,120,195.2331939,686
155,120,195.2331939,683
154,120,195.2331939,681
153,120,193.659495,678
152,120,193.659495,677
152,120,192.4266094,676.5
152,119,192.4266094,673.5
152,118,192.4266094,672.5
152,117,191.8150151,670.5
152,116,191.2066944,669.5
152,115,190,666.5
152,114,190,663.5
152,113,189.4016895,659.5
152,112,188.2153022,656.5
152,111,188.2153022,655.5
152,111,187.4086444,655
151,111,187.4086444,653
150,111,186.6038585,652
149,111,185.8009688,651
148,111,184.2009772,648
147,111,184.2009772,646
146,111,183.4039258,645
146,111,182.8004376,644.5
146,110,182.8004376,642.5
146,110,181.2070639,641.5
145,110,181.2070639,638.5
144,110,181.2070639,637.5
143,110,180.4134141,633.5
142,110,178.8323237,630.5
141,110,178.8323237,629.5
140,110,178.0449381,627.5
139,110,177.2596965,626.5
139,110,176.0255663,626
139,109,176.0255663,623
139,108,176.0255663,620
139,108,174.4505661,618.5
138,108,174.4505661,615.5
137,108,174.4505661,614.5
136,108,173.6663468,613.5
135,108,172.8843544,611.5
134,108,171.3271724,608.5
133,108,171.3271724,605.5
132,108,170.5520448,604.5
131,108,169.7792685,602.5
130,108,168.2408987,599.5
129,108,168.2408987,598.5
128,108,167.4753713,597.5
128,108,166.1926593,597
128,107,166.1926593,594
128,106,166.1926593,592
128,105,164.924225,589
128,104,164.924225,587
128,104,163.3768649,586
127,104,163.3768649,583
126,104,163.3768649,581
126,104,162.7421273,580
126,103,162.7421273,579
126,102,162.111073,576
126,102,160.5615147,574.5
125,102,160.5615147,571.5
124,102,160.5615147,567.5
124,102,159.298462,565.5
124,101,159.298462,562.5
124,100,159.298462,561.5
124,99,158.6726189,558.5
124,99,157.8923684,557
123,99,157.8923684,555
122,99,157.1146079,554
121,99,155.5667059,551
120,99,155.5667059,550
120,99,154.9322433,549.5
120,98,154.9322433,547.5
120,97,153.6749817,544.5
120,96,153.6749817,543.5
120,96,152.118375,543
119,96,152.118375,540
118,96,152.118375,537
118,96,150.8641773,535.5
118,95,150.8641773,532.5
118,94,150.8641773,531.5
118,93,149.6262009,528.5
118,92,149.6262009,527.5
118,92,148.838839,527
117,92,148.838839,526
116,92,148.0540442,525
116,92,147.4347313,524.5
116,91,147.4347313,520.5
116,91,145.8663772,518.5
115,91,145.8663772,515.5
114,91,145.8663772,513.5
113,91,145.0861813,512.5
112,91,144.3086969,510.5
112,91,143.6802004,509.5
112,90,143.6802004,506.5
112,89,142.4359505,503.5
112,88,142.4359505,502.5
112,87,141.8203088,500.5
112,86,141.2090649,499.5
112,86,140.4172354,499
111,86,140.4172354,497
111,86,139.2012931,496
111,85,139.2012931,493
111,84,139.2012931,491
111,83,138.6001443,490
111,82,138.0036231,487
111,82,137.2005831,485.5
110,82,137.2005831,484.5
109,82,136.4001466,479.5
109,82,135.2072483,477
109,81,135.2072483,474
109,80,135.2072483,473
109,79,134.617978,472
109,78,134.0335779,470
109,77,133.454112,469
109,76,132.3102415,466
109,75,132.3102415,465
109,75,131.487642,464.5
108,75,131.487642,462.5
108,75,130.9198228,461.5
108,74,130.9198228,459.5
108,74,129.2749009,458.5
107,74,129.2749009,455.5
106,74,129.2749009,454.5
105,74,128.4562182,452.5
105,74,127.8827588,451.5
105,73,127.8827588,447.5
105,73,127.0629765,445.5
104,73,127.0629765,439.5
104,73,125.9245806,436.5
104,72,125.9245806,433.5
104,71,125.9245806,432.5
104,70,125.3634716,431.5
104,69,124.8078523,430.5
104,69,123.1462545,430
103,69,123.1462545,427
102,69,123.1462545,426
102,69,122.0368797,425.5
102,68,122.0368797,422.5
102,67,122.0368797,420.5
102,66,121.4907404,418.5
102,66,119.8165264,417.5
101,66,119.8165264,414.5
100,66,119.8165264,412.5
99,66,118.9831921,411.5
98,66,118.1524439,409.5
97,66,117.3243368,408.5
96,66,115.6762724,405.5
95,66,115.6762724,404.5
94,66,114.0394669,401.5
93,66,114.0394669,396.5
92,66,113.2254388,395.5
92,66,112.6454615,395
92,65,112.6454615,392
92,65,111.8302285,390.5
91,65,111.8302285,387.5
90,65,110.2088926,384.5
89,65,110.2088926,383.5
89,65,109.6220781,383
89,64,109.6220781,382
89,64,108.0046295,381.5
88,64,108.0046295,378.5
87,64,108.0046295,377.5
87,64,107.4150827,377
87,63,107.4150827,375
87,62,106.8316433,372
87,61,105.6834897,369
87,60,105.6834897,368
87,59,104.560987,365
87,58,104.560987,364
87,58,103.7304198,363.5
86,58,103.7304198,361.5
85,58,102.9028668,360.5
84,58,102.0784012,357.5
83,58,100.4390362,354.5
82,58,100.4390362,351.5
81,58,98.81295462,348.5
80,58,98.81295462,347.5
79,58,98.00510191,346.5
79,58,96.83491106,346
79,57,96.83491106,343
79,56,96.83491106,339
79,56,95.21029356,337
78,56,95.21029356,334
77,56,95.21029356,329
76,56,93.60021367,326
75,56,93.60021367,325
74,56,92.80086206,323
73,56,91.21403401,320
72,56,91.21403401,318
71,56,89.64373932,315
70,56,89.64373932,313
69,56,88.86506625,311
68,56,88.09086218,310
67,56,86.55634003,307
66,56,86.55634003,306
66,56,85.27602242,305.5
66,55,85.27602242,302.5
66,54,85.27602242,301.5
66,54,84.50443775,301
65,54,84.50443775,300
64,54,82.97590012,297
63,54,82.97590012,294
62,54,81.46778504,291
61,54,81.46778504,286
61,54,80.8084154,283.5
61,53,80.8084154,282.5
61,53,79.30952024,282
60,53,79.30952024,279
59,53,79.30952024,278
58,53,78.5684415,277
57,53,77.1038261,274
56,53,77.1038261,272
56,53,76.4198927,271
56,52,76.4198927,270
56,51,75.74298647,268
56,51,75.00666637,267
55,51,75.00666637,265
55,51,73.66138744,264
55,50,73.66138744,261
55,49,73.66138744,260
55,49,72.9177619,259.5
54,49,72.9177619,257.5
53,49,72.18032973,256.5
53,49,71.50524456,256
53,48,71.50524456,255
53,47,70.83784299,252
53,47,69.35416354,250.5
52,47,69.35416354,247.5
51,47,69.35416354,245.5
51,47,68.01470429,244.5
51,46,68.01470429,241.5
51,45,68.01470429,239.5
51,45,67.26812024,238.5
50,45,67.26812024,237.5
50,45,66.60330322,237
50,44,66.60330322,235
50,43,65.94694838,234
50,43,65.19202405,233.5
49,43,65.19202405,231.5
48,43,64.44377394,230.5
48,43,63.78087488,230
48,42,63.78087488,227
48,42,62.28964601,225.5
47,42,62.28964601,222.5
46,42,62.28964601,220.5
45,42,60.8276253,217.5
44,42,60.8276253,215.5
43,42,60.10823571,213.5
42,42,59.39696962,211.5
42,42,58.69412236,210.5
42,41,58.69412236,209.5
42,40,57.31491952,206.5
42,39,57.31491952,203.5
42,39,56.5862174,202
41,39,56.5862174,201
40,39,55.86591089,198
40,39,55.1724569,196.5
40,38,55.1724569,195.5
40,38,54.45181356,195
39,38,54.45181356,192
38,38,53.03772242,189
37,38,53.03772242,188
36,38,52.34500931,186
35,38,50.99019514,183
34,38,50.99019514,179
34,38,50.24937811,177
34,37,50.24937811,176
34,36,48.7954916,173
34,35,48.7954916,171
34,34,48.08326112,170
34,33,47.38143096,166
34,33,46.66904756,164
33,33,46.66904756,161
32,33,45.27692569,158
31,33,45.27692569,156
31,33,44.55333882,155
31,32,44.55333882,154
31,32,43.8634244,153.5
30,32,43.8634244,151.5
30,32,43.13930922,150.5
30,31,43.13930922,149.5
30,30,42.42640687,148.5
30,29,41.72529209,146.5
30,28,41.03656906,145.5
30,27,40.36087214,143.5
30,27,39.62322551,142.5
29,27,39.62322551,141.5
28,27,38.89730068,137.5
28,27,38.20994635,135.5
28,26,38.20994635,132.5
28,26,37.48332963,131
27,26,37.48332963,129
27,26,36.79673899,128
27,25,36.79673899,125
27,25,35.35533906,123.5
26,25,35.35533906,120.5
25,25,35.35533906,118.5
24,25,33.9705755,115.5
23,25,33.9705755,114.5
23,25,33.24154028,114
23,24,33.24154028,112
23,24,32.55764119,111
22,24,32.55764119,110
22,24,31.82766093,109.5
22,23,31.82766093,106.5
22,23,30.47950131,105
21,23,30.47950131,102
20,23,30.47950131,101
19,23,29.83286778,99
18,23,29.20616373,98
18,23,28.42534081,97.5
18,22,28.42534081,95.5
18,21,27.65863337,93.5
18,21,27.01851217,92.5
17,21,27.01851217,90.5
17,21,26.2488095,89.5
17,20,26.2488095,88.5
17,19,24.75883681,85.5
17,18,24.75883681,84.5
17,18,24.08318916,84
16,18,24.08318916,82
15,18,23.43074903,79
15,18,22.6715681,77.5
15,17,22.6715681,75.5
15,17,22.02271555,74.5
14,17,22.02271555,73.5
13,17,21.40093456,71.5
13,17,19.84943324,70.5
13,16,19.84943324,67.5
13,15,19.84943324,65.5
13,14,19.10497317,64.5
13,13,18.38477631,63.5
13,13,17.69180601,63
12,13,17.69180601,62
11,13,17.02938637,61
10,13,15.8113883,58
9,13,15.8113883,56
9,13,14.2126704,55
9,12,14.2126704,52
9,11,14.2126704,49
9,10,13.45362405,47
9,10,12.20655562,46
8,10,12.20655562,43
7,10,12.20655562,40
6,10,11.66190379,39
6,10,10.81665383,38.5
6,9,10.81665383,37.5
6,8,9.219544457,34.5
6,7,9.219544457,31.5
6,6,8.485281374,30.5
6,6,7.810249676,30
5,6,7.810249676,29
5,6,6.403124237,28.5
5,5,6.403124237,25.5
5,4,6.403124237,24.5
5,3,5.385164807,21.5
5,2,5.385164807,19.5
5,2,4.472135955,18.5
4,2,4.472135955,17.5
3,2,2.828427125,14.5
2,2,2.828427125,13.5
2,2,2.236067977,13
2,1,2.236067977,9
2,1,1,7
1,1,1,4
0,1,1,2
0,1,0,1
0,0,0,0
289,289,408.7077195,1396
289,288,408.0012255,1394
289,287,406.591933,1391
289,286,406.591933,1387
289,286,405.1728026,1385
288,286,405.1728026,1382
287,286,405.1728026,1381
287,286,404.4675512,1380.5
287,285,404.4675512,1378.5
287,284,403.7635447,1377.5
287,284,403.0533463,1377
286,284,403.0533463,1375
286,284,402.3493507,1374
286,283,402.3493507,1373
286,282,400.9451334,1370
286,281,400.9451334,1368
286,280,400.244925,1367
286,279,398.8483421,1364
286,278,398.8483421,1361
286,277,397.4569159,1358
286,276,397.4569159,1355
286,275,396.7631535,1353
286,274,396.0707008,1352
286,273,394.6897516,1349
286,272,394.6897516,1346
286,271,394.001269,1344
286,270,393.3141238,1342
286,269,392.628323,1341
286,268,391.2607826,1338
286,267,391.2607826,1336
286,267,390.5304085,1335
285,267,390.5304085,1334
284,267,389.8012314,1333
283,267,389.0732579,1330
283,267,388.3876929,1328.5
283,266,388.3876929,1326.5
283,265,387.703495,1324.5
283,264,387.0206713,1321.5
283,263,385.659176,1318.5
283,262,385.659176,1317.5
283,262,384.1939614,1317
282,262,384.1939614,1314
281,262,384.1939614,1312
281,262,382.8328617,1311
281,261,382.8328617,1308
281,260,382.8328617,1305
281,259,381.4773912,1302
281,258,381.4773912,1301
281,257,380.8017857,1299
281,256,380.1276102,1298
281,256,378.6515549,1297.5
280,256,378.6515549,1294.5
279,256,378.6515549,1293.5
278,256,377.1803282,1290.5
277,256,377.1803282,1289.5
276,256,375.713987,1286.5
275,256,375.713987,1282.5
274,256,374.9826663,1280.5
273,256,374.2525885,1279.5
273,256,373.5692707,1279
273,255,373.5692707,1278
273,255,372.1101987,1277.5
272,255,372.1101987,1274.5
271,255,372.1101987,1273.5
270,255,371.3825521,1271.5
270,255,370.6966415,1270.5
270,254,370.6966415,1269.5
270,253,369.3291215,1266.5
270,252,369.3291215,1261.5
270,251,367.9673899,1258.5
270,250,367.9673899,1257.5
270,249,367.2887148,1256.5
270,248,365.9357867,1253.5
270,247,365.9357867,1252.5
270,246,364.5888095,1249.5
270,245,364.5888095,1248.5
270,245,363.8488697,1248
269,245,363.8488697,1247
269,245,363.1762657,1246.5
269,244,363.1762657,1242.5
269,243,361.835598,1239.5
269,242,361.835598,1236.5
269,241,360.5010402,1233.5
269,240,360.5010402,1232.5
269,239,359.1726604,1229.5
269,238,359.1726604,1224.5
269,237,358.5108088,1223.5
269,236,357.1918252,1220.5
269,235,357.1918252,1219.5
269,234,355.879193,1216.5
269,233,355.879193,1215.5
269,232,355.2252806,1211.5
269,231,353.9223079,1208.5
269,230,353.9223079,1206.5
269,229,353.2732653,1205.5
269,229,352.5124111,1205
268,229,352.5124111,1204
268,229,351.8636099,1203.5
268,228,351.8636099,1201.5
268,227,350.5709629,1198.5
268,226,350.5709629,1197.5
268,225,349.9271353,1195.5
268,224,348.6445181,1192.5
268,223,348.6445181,1187.5
268,222,347.3686802,1184.5
268,221,347.3686802,1183.5
268,220,346.7333269,1182.5
268,220,345.9609805,1182
267,220,345.9609805,1179
267,220,345.325933,1177.5
267,219,345.325933,1176.5
267,218,344.0610411,1173.5
267,217,344.0610411,1170.5
267,217,343.2855954,1169
266,217,343.2855954,1168
265,217,342.5113137,1166
264,217,341.7382039,1165
263,217,340.966274,1164
262,217,340.195532,1161
262,217,339.5585369,1159.5
262,216,339.5585369,1158.5
262,216,338.017751,1158
261,216,338.017751,1155
260,216,338.017751,1154
259,216,336.4817974,1151
258,216,336.4817974,1150
258,216,335.201432,1149.5
258,215,335.201432,1146.5
258,214,335.201432,1145.5
258,214,334.4323549,1145
257,214,334.4323549,1141
257,214,333.7933492,1139
257,213,333.7933492,1138
257,212,333.1561196,1135
257,212,332.3853186,1133.5
256,212,332.3853186,1132.5
256,212,331.7483986,1132
256,211,331.7483986,1130
256,211,330.2075105,1129
255,211,330.2075105,1126
254,211,330.2075105,1124
253,211,329.4389169,1121
253,211,328.7993309,1119.5
253,210,328.7993309,1117.5
253,209,328.1615456,1116.5
253,208,327.5255715,1115.5
253,208,326.7537299,1115
252,208,326.7537299,1114
251,208,325.2137758,1111
250,208,325.2137758,1107
249,208,324.4456811,1106
248,208,322.9133011,1103
247,208,322.9133011,1102
247,208,322.2700731,1101.5
247,207,322.2700731,1099.5
247,206,321.6286679,1098.5
247,205,320.9890964,1097.5
247,205,320.2202367,1097
246,205,320.2202367,1096
246,205,319.5809757,1095.5
246,204,319.5809757,1092.5
246,204,318.8118567,1091
245,204,318.8118567,1089
244,204,318.0440221,1088
244,204,317.4035287,1087.5
244,203,317.4035287,1085.5
244,203,315.8686436,1084.5
243,203,315.8686436,1081.5
242,203,315.8686436,1079.5
242,203,315.2269024,1078.5
242,202,315.2269024,1075.5
242,202,313.6941185,1074
241,202,313.6941185,1071
240,202,313.6941185,1068
240,202,312.409987,1066.5
240,201,312.409987,1063.5
240,200,312.409987,1062.5
240,200,311.6424233,1062
239,200,311.6424233,1061
238,200,310.1112704,1058
237,200,310.1112704,1057
236,200,309.3477008,1056
236,200,308.7021218,1055.5
236,199,308.7021218,1054.5
236,198,307.4166554,1051.5
236,197,307.4166554,1049.5
236,196,306.1388574,1046.5
236,195,306.1388574,1045.5
236,195,305.3686297,1045
235,195,305.3686297,1043
234,195,303.8321905,1040
233,195,303.8321905,1038
233,195,302.5524748,1037
233,194,302.5524748,1034
233,193,302.5524748,1030
233,192,301.9155511,1028
233,191,301.2806001,1025
233,191,300.5079034,1023.5
232,191,300.5079034,1022.5
232,191,299.2407058,1022
232,190,299.2407058,1019
232,189,299.2407058,1018
232,189,298.4660785,1017.5
231,189,298.4660785,1015.5
231,189,297.8338463,1014.5
231,188,297.8338463,1013.5
231,188,297.0589167,1013
230,188,297.0589167,1012
230,188,295.7972278,1011.5
230,187,295.7972278,1008.5
230,186,295.7972278,1005.5
230,185,295.1694429,1004.5
230,185,294.3908966,1004
229,185,294.3908966,1003
228,185,292.8378391,1000
227,185,292.8378391,999
227,185,292.2071183,998.5
227,184,292.2071183,996.5
227,183,290.9518861,993.5
227,182,290.9518861,992.5
227,182,289.3941948,992
226,182,289.3941948,989
225,182,289.3941948,986
225,182,288.7663415,984.5
225,181,288.7663415,982.5
225,181,287.987847,981.5
224,181,287.987847,980.5
224,181,287.3604009,980
224,180,287.3604009,979
224,180,286.5815765,978.5
223,180,286.5815765,975.5
222,180,285.0280688,972.5
221,180,285.0280688,970.5
221,180,283.7692725,969.5
221,179,283.7692725,966.5
221,178,283.7692725,965.5
221,178,282.9911659,965
220,178,282.9911659,964
219,178,281.4391586,961
218,178,281.4391586,959
217,178,280.6652811,954
216,178,279.1218372,951
215,178,279.1218372,950
214,178,278.3522948,949
214,178,277.7138815,948.5
214,177,277.7138815,947.5
214,176,276.4434843,944.5
214,175,276.4434843,943.5
214,175,274.898163,943
213,175,274.898163,940
212,175,274.898163,937
211,175,273.3587387,934
210,175,273.3587387,930
209,175,272.5912691,929
209,175,271.9503631,928.5
209,174,271.9503631,927.5
209,173,270.675082,924.5
209,172,270.675082,921.5
209,171,270.0407377,920.5
209,171,268.49581,920
208,171,268.49581,917
207,171,268.49581,915
206,171,267.7256058,914
205,171,266.9569254,913
204,171,265.4241888,910
203,171,265.4241888,908
203,171,264.7810416,907
203,170,264.7810416,905
203,170,264.0151511,904
202,170,264.0151511,902
202,170,262.7318024,901
202,169,262.7318024,898
202,168,262.7318024,897
202,168,261.9637379,896.5
201,168,261.9637379,895.5
200,168,261.1972435,894.5
200,168,259.9153708,894
200,167,259.9153708,891
200,166,259.9153708,890
200,165,259.2778432,889
200,165,257.7382393,888.5
199,165,257.7382393,885.5
198,165,257.7382393,883.5
198,165,256.4624729,882.5
198,164,256.4624729,879.5
198,163,256.4624729,875.5
198,163,255.69122,873.5
197,163,255.69122,872.5
197,163,254.4209111,872
197,162,254.4209111,869
197,161,254.4209111,868
197,161,252.8754634,867.5
196,161,252.8754634,864.5
195,161,252.8754634,861.5
195,161,252.2399651,860
195,160,252.2399651,857
195,159,250.9760945,854
195,158,250.9760945,852
195,157,250.3477581,851
195,157,249.5696296,850.5
194,157,249.5696296,849.5
193,157,248.7930867,848.5
193,157,248.1632527,848
193,156,248.1632527,847
193,156,246.6110298,846.5
192,156,246.6110298,843.5
191,156,246.6110298,840.5
191,156,245.979674,839
191,155,245.979674,838
191,154,244.7243347,835
191,153,244.7243347,833
191,152,244.1003892,831
191,151,242.860042,828
191,150,242.860042,826
191,150,241.2902816,825
190,150,241.2902816,822
189,150,241.2902816,821
189,150,240.6698984,820.5
189,149,240.6698984,817.5
189,149,239.8853893,816
188,149,239.8853893,814
188,149,239.2655429,813
188,148,239.2655429,812
188,148,238.4806072,811.5
187,148,238.4806072,808.5
187,148,237.2445995,807
187,147,237.2445995,804
187,146,237.2445995,803
187,146,236.4571843,802.5
186,146,236.4571843,801.5
185,146,234.887207,798.5
184,146,234.887207,797.5
184,146,234.2669418,797
184,145,234.2669418,796
184,145,233.4823334,795.5
183,145,233.4823334,791.5
182,145,231.918089,788.5
181,145,231.918089,787.5
181,145,231.294185,787
181,144,231.294185,785
181,144,230.5124725,784
180,144,230.5124725,783
179,144,229.7324531,782
178,144,228.9541439,780
178,144,228.3265206,779
178,143,228.3265206,778
178,143,226.7708094,777.5
177,143,226.7708094,774.5
176,143,226.7708094,773.5
175,143,225.9955752,772.5
174,143,225.2221126,770.5
174,143,223.9575853,769.5
174,142,223.9575853,766.5
174,141,223.9575853,765.5
174,140,223.3293532,762.5
174,139,222.0810663,759.5
174,138,222.0810663,757.5
174,138,220.517573,756.5
173,138,220.517573,753.5
172,138,220.517573,752.5
171,138,218.9611838,749.5
170,138,218.9611838,746.5
170,138,218.3323155,745
170,137,218.3323155,744
170,137,216.778689,743.5
169,137,216.778689,740.5
168,137,216.778689,739.5
167,137,216.0046296,737.5
167,137,215.3717716,736.5
167,136,215.3717716,735.5
167,136,214.5972973,735
166,136,214.5972973,733
165,136,213.8246946,732
164,136,213.0539838,726
163,136,211.5183207,723
162,136,211.5183207,722
161,136,210.7534104,721
160,136,209.229539,718
159,136,209.229539,716
159,136,207.935086,715
159,135,207.935086,712
159,134,207.935086,709
159,134,206.4097866,707.5
158,134,206.4097866,704.5
157,134,206.4097866,701.5
156,134,204.8926548,698.5
155,134,204.8926548,697.5
154,134,204.1372088,695.5
153,134,203.3838735,694.5
152,134,201.8836298,691.5
151,134,201.8836298,686.5
150,134,201.1367694,685.5
149,134,200.3921156,683.5
149,134,199.7248107,682.5
149,133,199.7248107,681.5
149,133,198.9798985,681
148,133,198.9798985,676
147,133,197.4968354,673
146,133,197.4968354,672
146,133,196.8247952,671.5
146,132,196.8247952,669.5
146,132,196.0841656,668.5
145,132,196.0841656,666.5
144,132,194.6098661,663.5
143,132,194.6098661,661.5
143,132,193.9329781,660.5
143,131,193.9329781,659.5
143,130,192.5876424,656.5
143,129,192.5876424,655.5
143,128,191.9192539,654.5
143,128,190.4337155,654
142,128,190.4337155,651
141,128,190.4337155,649
141,128,189.7630101,648
141,127,189.7630101,647
141,127,188.2817038,646.5
140,127,188.2817038,643.5
139,127,188.2817038,641.5
138,127,187.5446613,639.5
138,127,186.868938,638.5
138,126,186.868938,636.5
138,126,186.1316738,635.5
137,126,186.1316738,633.5
137,126,185.4561943,632.5
137,125,185.4561943,631.5
137,124,184.7836573,630.5
137,123,184.1140951,628.5
137,123,183.3712082,627.5
136,123,183.3712082,626.5
135,123,181.8928256,623.5
134,123,181.8928256,618.5
133,123,180.4244994,615.5
132,123,180.4244994,614.5
131,123,179.6941847,612.5
130,123,178.2414093,609.5
129,123,178.2414093,608.5
128,123,176.7993213,605.5
127,123,176.7993213,604.5
126,123,176.0823671,603.5
125,123,174.6568063,600.5
124,123,174.6568063,597.5
123,123,173.9482682,596.5
122,123,173.2426045,595.5
121,123,171.8400419,592.5
120,123,171.8400419,590.5
119,123,170.449406,587.5
118,123,170.449406,585.5
117,123,169.7586522,582.5
117,123,168.3151805,581
117,122,168.3151805,578
117,121,168.3151805,577
117,121,167.6215977,576.5
116,121,167.6215977,572.5
116,121,166.1836334,570.5
116,120,166.1836334,567.5
116,119,166.1836334,565.5
116,118,164.7573974,562.5
116,117,164.7573974,561.5
116,117,163.3554407,561
115,117,163.3554407,558
114,117,163.3554407,556
114,117,162.6407083,555
114,116,162.6407083,553
114,116,161.9413474,552
113,116,161.9413474,551
112,116,160.5521722,548
111,116,160.5521722,547
111,116,159.8311609,546.5
111,115,159.8311609,543.5
111,115,159.1383046,542
110,115,159.1383046,541
110,115,158.4171708,540.5
110,114,158.4171708,536.5
110,114,157.7244433,534.5
109,114,157.7244433,533.5
108,114,157.0350279,531.5
107,114,156.3489687,529.5
106,114,155.6663098,528.5
106,114,154.9354704,528
106,113,154.9354704,527
106,113,154.2530389,526.5
105,113,154.2530389,524.5
105,113,152.7939789,523.5
105,112,152.7939789,520.5
105,111,152.7939789,519.5
105,111,152.1085139,519
104,111,152.1085139,516
103,111,150.7481343,513
102,111,150.7481343,512
102,111,150.0133327,511.5
102,110,150.0133327,509.5
102,110,149.3351934,508.5
101,110,149.3351934,506.5
101,110,147.8681845,505.5
101,109,147.8681845,502.5
101,108,147.8681845,501.5
101,107,146.4137972,498.5
101,106,146.4137972,495.5
101,105,144.9724112,492.5
101,104,144.9724112,489.5
101,104,143.586211,488
100,104,143.586211,485
99,104,143.586211,484
99,104,142.8635713,483.5
99,103,142.8635713,481.5
99,103,141.4849815,480.5
98,103,141.4849815,477.5
97,103,141.4849815,476.5
96,103,140.8012784,474.5
95,103,139.4453298,471.5
94,103,139.4453298,470.5
94,103,138.7083271,470
94,102,138.7083271,469
94,102,137.3608387,468.5
93,102,137.3608387,465.5
92,102,137.3608387,461.5
92,102,135.882302,459.5
92,101,135.882302,456.5
92,100,135.882302,454.5
92,100,135.2072483,453.5
91,100,135.2072483,452.5
90,100,134.5362405,451.5
89,100,133.8693393,450.5
88,100,132.5481045,447.5
87,100,132.5481045,446.5
86,100,131.8938968,444.5
85,100,131.2440475,440.5
84,100,129.9576854,437.5
83,100,129.9576854,436.5
82,100,129.3213053,435.5
82,100,127.7810628,435
82,99,127.7810628,432
82,98,127.7810628,430
82,98,127.1416533,429
81,98,127.1416533,428
80,98,125.876924,425
79,98,125.876924,423
78,98,124.6314567,420
77,98,124.6314567,418
76,98,123.4058345,415
75,98,123.4058345,412
75,98,122.613213,410.5
75,97,122.613213,407.5
75,97,122.0040983,406
74,97,122.0040983,405
73,97,121.4001647,403
72,97,120.8014901,402
71,97,119.6202324,399
70,97,119.6202324,397
69,97,118.460964,394
68,97,118.460964,393
67,97,117.889779,390
67,97,116.2497312,388.5
67,96,116.2497312,385.5
67,95,116.2497312,384.5
67,94,115.4339638,383.5
67,94,114.8564321,383
66,94,114.8564321,382
66,94,113.2254388,381.5
66,93,113.2254388,378.5
66,92,113.2254388,375.5
66,91,112.4144119,374.5
66,90,111.6064514,372.5
66,90,111.0180166,371.5
65,90,111.0180166,368.5
65,90,110.2088926,367
65,89,110.2088926,366
65,88,109.402925,362
65,87,107.8007421,359
65,86,107.8007421,358
65,85,107.0046728,357
65,85,106.400188,356.5
64,85,106.400188,354.5
64,85,104.8093507,353.5
64,84,104.8093507,350.5
64,83,104.8093507,349.5
64,82,104.019229,347.5
64,82,102.8007782,346.5
63,82,102.8007782,343.5
62,82,102.8007782,341.5
62,82,102.0049018,340.5
62,81,102.0049018,339.5
62,80,101.2126474,338.5
62,80,100.6031809,338
61,80,100.6031809,337
60,80,100,335
60,80,99.2018145,334
60,79,99.2018145,331
60,79,98.60020284,329.5
59,79,98.60020284,328.5
58,79,97.41663102,325.5
57,79,97.41663102,324.5
56,79,96.83491106,323.5
56,79,96.02083107,323
56,78,96.02083107,322
56,77,95.21029356,321
56,77,94.04786016,320.5
55,77,94.04786016,317.5
54,77,94.04786016,316.5
53,77,93.47726996,315.5
53,77,91.83681179,315
53,76,91.83681179,312
53,75,91.83681179,311
53,74,90.21086409,308
53,73,90.21086409,306
53,72,89.40357935,305
53,71,88.60022573,304
53,70,87.00574694,301
53,69,87.00574694,300
53,69,87.6184912,299.5
54,69,87.6184912,295.5
54,69,86.83317338,293.5
54,68,86.83317338,292.5
54,67,86.05230967,291.5
54,66,85.27602242,290.5
54,65,84.50443775,289.5
54,64,82.97590012,286.5
54,63,82.97590012,285.5
54,63,82.32860985,285
53,63,82.32860985,284
53,63,81.56592426,283.5
53,62,81.56592426,282.5
53,61,80.05623024,279.5
53,60,80.05623024,274.5
53,60,79.39773297,272
52,60,79.39773297,269
52,60,78.64477096,267.5
52,59,78.64477096,266.5
52,58,77.89736838,265.5
52,57,77.15568676,263.5
52,56,75.69015788,260.5
52,55,75.69015788,259.5
52,55,75.00666637,259
51,55,75.00666637,258
51,55,74.27651042,257.5
51,54,74.27651042,256.5
51,54,73.59347797,256
50,54,73.59347797,253
49,54,72.24956747,250
48,54,72.24956747,242
47,54,70.9365914,239
46,54,70.9365914,238
45,54,69.65629907,235
44,54,69.65629907,234
43,54,69.02897942,233
43,54,68.24954212,232.5
43,53,68.24954212,231.5
43,52,67.47592163,230.5
43,51,66.70832032,228.5
43,51,66.06814664,227.5
42,51,66.06814664,226.5
41,51,65.4369926,225.5
41,51,63.89053138,225
41,50,63.89053138,222
41,49,63.89053138,219
41,48,62.36986452,216
41,47,62.36986452,215
41,46,61.61980201,214
41,45,60.87692502,212
41,44,60.14149982,209
41,44,59.46427499,207.5
40,44,59.46427499,205.5
39,44,58.79625838,204.5
39,44,57.31491952,204
39,43,57.31491952,201
39,42,57.31491952,200
39,42,56.63920903,199.5
38,42,56.63920903,198.5
37,42,55.97320788,196.5
36,42,54.67174773,193.5
35,42,54.67174773,192.5
35,42,53.90732789,192
35,41,53.90732789,191
35,40,53.15072906,189
35,40,52.49761899,188
34,40,52.49761899,186
33,40,51.85556865,184
32,40,51.2249939,183
31,40,50.60632372,181
31,40,49.04079934,180
31,39,49.04079934,177
31,38,49.04079934,175
31,37,48.27007354,174
31,37,47.63402146,173.5
30,37,47.63402146,172.5
30,37,46.09772229,172
30,36,46.09772229,169
30,35,46.09772229,165
30,35,44.82186966,163
29,35,44.82186966,160
28,35,44.82186966,159
28,35,44.04543109,158.5
28,34,44.04543109,155.5
28,34,42.80186912,154
27,34,42.80186912,151
26,34,42.80186912,150
26,34,41.23105626,149.5
26,33,41.23105626,146.5
26,32,41.23105626,145.5
26,31,39.69886648,142.5
26,30,39.69886648,140.5
26,29,38.94868419,136.5
26,28,37.48332963,133.5
26,27,37.48332963,132.5
26,26,36.06937759,129.5
26,25,36.06937759,126.5
26,24,35.38361203,125.5
26,24,34.6554469,125
25,24,34.6554469,124
24,24,33.9411255,122
23,24,33.24154028,119
23,24,32.52691193,117.5
23,23,32.52691193,115.5
23,23,31.144823,114.5
22,23,31.144823,111.5
21,23,31.144823,110.5
21,23,30.41381265,110
21,22,30.41381265,106
21,21,29,103
21,20,29,101
21,20,28.28427125,100
20,20,28.28427125,97
20,20,27.58622845,95.5
20,19,27.58622845,94.5
20,19,26.87005769,94
19,19,26.87005769,92
18,19,25.49509757,89
17,19,25.49509757,87
16,19,24.8394847,85
16,19,24.08318916,84
16,18,24.08318916,81
16,18,23.43074903,79.5
15,18,23.43074903,78.5
15,18,21.9317122,78
15,17,21.9317122,75
15,16,21.9317122,74
15,15,21.21320344,73
15,15,20.51828453,72.5
14,15,20.51828453,71.5
14,15,19.79898987,71
14,14,19.79898987,70
14,14,18.43908891,69.5
13,14,18.43908891,66.5
12,14,18.43908891,61.5
11,14,17.80449381,58.5
11,14,16.2788206,57
11,13,16.2788206,54
11,12,16.2788206,53
11,12,15.62049935,52.5
10,12,15.62049935,51.5
10,12,14.86606875,51
10,11,14.86606875,50
10,10,13.45362405,47
10,9,13.45362405,45
10,8,12.80624847,44
10,7,12.20655562,42
10,7,10.63014581,41
9,7,10.63014581,38
8,7,10.63014581,35
8,7,10,33.5
8,6,10,31.5
8,6,9.219544457,30.5
7,6,9.219544457,29.5
6,6,7.810249676,26.5
5,6,7.810249676,24.5
4,6,7.211102551,23.5
3,6,6.708203932,22.5
3,6,5.830951895,22
3,5,5.830951895,20
3,4,5,19
3,3,3.605551275,16
3,2,3.605551275,15
3,1,3,12
3,0,3,10
3,0,2,9
2,0,2,4
1,0,0,1
0,0,0,0
289,289,408.7077195,1384.5
289,289,408.0012255,1384
288,289,408.0012255,1382
287,289,406.591933,1379
286,289,406.591933,1375
285,289,405.8891474,1373
284,289,404.4873298,1370
283,289,404.4873298,1368
282,289,403.0905605,1365
281,289,403.0905605,1362
280,289,402.3940854,1361
280,289,401.6764867,1360.5
280,288,401.6764867,1359.5
280,288,400.9800494,1359
279,288,400.9800494,1357
279,288,400.2624139,1356
279,287,400.2624139,1351
279,287,398.8709064,1348.5
278,287,398.8709064,1345.5
277,287,398.8709064,1343.5
276,287,398.1770963,1342.5
275,287,397.4845909,1334.5
274,287,396.1035218,1331.5
273,287,396.1035218,1328.5
273,287,395.3795645,1327
273,286,395.3795645,1326
273,286,394.6897516,1325.5
272,286,394.6897516,1324.5
271,286,393.3141238,1321.5
270,286,393.3141238,1320.5
270,286,392.5875698,1320
270,285,392.5875698,1319
270,285,391.2147748,1318.5
269,285,391.2147748,1315.5
268,285,391.2147748,1313.5
268,285,389.7601827,1312.5
268,284,389.7601827,1309.5
268,283,389.7601827,1307.5
268,283,388.3876929,1306.5
267,283,388.3876929,1303.5
266,283,388.3876929,1302.5
265,283,387.703495,1301.5
265,283,386.9741593,1301
265,282,386.9741593,1300
265,282,385.6073132,1299.5
264,282,385.6073132,1296.5
263,282,385.6073132,1295.5
262,282,384.9259669,1294.5
261,282,384.2460149,1293.5
260,282,383.5674647,1290.5
260,282,382.0994635,1289
260,281,382.0994635,1286
260,280,382.0994635,1284
260,280,381.4197163,1283
259,280,381.4197163,1280
259,280,380.6862225,1278.5
259,279,380.6862225,1277.5
259,279,380.0065789,1277
258,279,380.0065789,1276
257,279,379.3283538,1274
256,279,377.9761897,1271
255,279,377.9761897,1268
254,279,377.3022661,1266
253,279,375.9587743,1263
252,279,375.9587743,1262
251,279,375.2892218,1261
251,279,373.8047619,1260.5
251,278,373.8047619,1257.5
251,277,373.8047619,1254.5
251,276,373.0643376,1250.5
251,276,371.7216701,1248.5
250,276,371.7216701,1245.5
249,276,371.7216701,1244.5
248,276,371.0525569,1243.5
248,276,370.3093302,1243
248,275,370.3093302,1242
248,274,369.5673146,1241
248,273,368.0869463,1238
248,272,368.0869463,1237
248,271,367.3486083,1236
248,271,366.6742423,1235.5
247,271,366.6742423,1233.5
246,271,366.0013661,1230.5
246,271,365.2615501,1229
246,270,365.2615501,1228
246,269,364.522976,1227
246,269,363.8488697,1226.5
245,269,363.8488697,1225.5
245,269,362.3727363,1225
245,268,362.3727363,1222
245,267,362.3727363,1220
245,266,360.9016487,1217
245,265,360.9016487,1216
245,265,359.5469371,1215.5
244,265,359.5469371,1212.5
243,265,359.5469371,1208.5
242,265,358.8718434,1203.5
242,265,358.1340531,1201
242,264,358.1340531,1200
242,263,357.3975378,1198
242,262,355.9283636,1195
242,261,355.9283636,1193
242,260,355.1957207,1192
242,259,353.7343636,1189
242,258,353.7343636,1187
242,258,352.3691246,1186
241,258,352.3691246,1183
240,258,352.3691246,1182
240,258,350.9073952,1181.5
240,257,350.9073952,1178.5
240,256,350.9073952,1177.5
240,255,349.450998,1174.5
240,254,349.450998,1173.5
240,254,348.7649638,1173
239,254,348.7649638,1171
239,254,348.0373543,1170
239,253,348.0373543,1169
239,253,346.6669872,1168.5
238,253,346.6669872,1165.5
237,253,346.6669872,1164.5
236,253,345.3027657,1161.5
235,253,345.3027657,1160.5
234,253,344.6229824,1159.5
233,253,343.944763,1157.5
233,253,343.2098483,1156.5
233,252,343.2098483,1155.5
233,251,342.4762766,1154.5
233,250,341.7440563,1152.5
233,249,340.2837052,1149.5
233,248,340.2837052,1145.5
233,247,338.8288654,1142.5
233,246,338.8288654,1138.5
233,245,338.1035344,1137.5
233,245,336.7283772,1137
232,245,336.7283772,1134
231,245,336.7283772,1131
231,245,335.2760057,1129.5
231,244,335.2760057,1126.5
231,243,335.2760057,1123.5
231,242,334.5519392,1122.5
231,242,333.862247,1122
230,242,333.862247,1121
230,242,332.4154028,1120.5
230,241,332.4154028,1117.5
230,240,332.4154028,1115.5
230,240,331.0347414,1114.5
229,240,331.0347414,1111.5
228,240,331.0347414,1109.5
227,240,330.3467875,1107.5
227,240,329.6209945,1106.5
227,239,329.6209945,1104.5
227,238,328.1737345,1101.5
227,237,328.1737345,1098.5
227,236,327.4522866,1096.5
227,235,326.7323063,1095.5
227,234,325.2967876,1092.5
227,233,325.2967876,1088.5
227,232,323.8672568,1085.5
227,231,323.8672568,1083.5
227,230,323.1547617,1082.5
227,229,321.7343625,1079.5
227,228,321.7343625,1078.5
227,227,321.0264787,1077.5
227,227,320.3201523,1077
226,227,320.3201523,1073
226,227,319.6122651,1071
226,226,319.6122651,1069
226,225,318.2011942,1066
226,224,318.2011942,1063
226,223,317.4980315,1061
226,223,316.7869947,1060
225,223,316.7869947,1059
225,223,315.3823077,1058.5
225,222,315.3823077,1055.5
225,221,315.3823077,1053.5
225,220,314.6823796,1052.5
225,219,313.984076,1050.5
225,218,313.287408,1048.5
225,217,311.8990221,1045.5
225,216,311.8990221,1043.5
225,215,310.5173103,1040.5
225,214,310.5173103,1039.5
225,213,309.8289851,1037.5
225,213,308.3796362,1036.5
224,213,308.3796362,1033.5
223,213,308.3796362,1031.5
222,213,306.9364755,1028.5
221,213,306.9364755,1027.5
221,213,306.2433673,1027
221,212,306.2433673,1024
221,212,305.5225033,1022.5
220,212,305.5225033,1021.5
220,212,304.8294605,1021
220,211,304.8294605,1019
220,211,304.1085333,1018
219,211,304.1085333,1017
219,211,302.724297,1016.5
219,210,302.724297,1013.5
219,209,302.724297,1012.5
219,208,302.0347662,1011.5
219,208,301.3104711,1011
218,208,301.3104711,1009
217,208,300.5877576,1008
217,208,299.8966489,1007.5
217,207,299.8966489,1006.5
217,207,298.4526763,1006
216,207,298.4526763,1003
215,207,298.4526763,1002
214,207,297.0151511,999
213,207,297.0151511,997
213,207,296.3190848,996
213,206,296.3190848,995
213,205,295.6247622,992
213,205,294.9050695,990.5
212,205,294.9050695,989.5
211,205,294.1870153,988.5
211,205,292.7968579,988
211,204,292.7968579,985
211,203,292.7968579,983
211,203,291.3588852,982
210,203,291.3588852,979
209,203,291.3588852,978
208,203,290.642392,977
208,203,289.9448223,976.5
208,202,289.9448223,975.5
208,201,288.5550207,972.5
208,200,288.5550207,971.5
208,200,287.8350222,971
207,200,287.8350222,970
206,200,287.116701,968
206,200,286.4210188,967
206,199,286.4210188,966
206,198,285.7271426,965
206,198,285.0070175,964.5
205,198,285.0070175,963.5
204,198,284.2885858,962.5
203,198,283.5718604,961.5
202,198,282.8568543,960.5
201,198,281.4320522,957.5
200,198,281.4320522,956.5
199,198,280.7222827,954.5
199,198,280.0178566,953.5
199,197,280.0178566,952.5
199,196,278.6144289,949.5
199,195,278.6144289,945.5
199,194,277.2183255,942.5
199,193,277.2183255,940.5
199,192,276.5230551,938.5
199,192,275.0872589,937.5
198,192,275.0872589,934.5
197,192,275.0872589,931.5
197,192,274.3902331,930
197,191,274.3902331,929
197,191,273.6731627,928.5
196,191,273.6731627,927.5
196,191,272.2811047,927
196,190,272.2811047,924
196,189,272.2811047,921
196,188,271.5879231,919
196,187,270.2073278,916
196,186,270.2073278,914
196,185,268.8345216,911
196,184,268.8345216,908
196,183,267.4696244,905
196,182,267.4696244,904
196,182,266.7376989,903.5
195,182,266.7376989,902.5
194,182,266.0075187,900.5
193,182,265.2790983,899.5
193,182,263.9109698,899
193,181,263.9109698,896
193,180,263.9109698,895
193,180,263.1805464,894.5
192,180,263.1805464,893.5
191,180,261.7250466,890.5
190,180,261.7250466,887.5
189,180,261,885.5
188,180,259.5553891,882.5
187,180,259.5553891,881.5
186,180,258.8358553,880.5
185,180,257.4024087,877.5
184,180,257.4024087,874.5
183,180,256.6885272,873.5
183,180,255.2900311,873
183,179,255.2900311,870
183,178,255.2900311,869
183,177,253.8995865,866
183,176,253.8995865,863
183,175,253.2074249,861
183,175,251.7657642,860
182,175,251.7657642,857
181,175,251.7657642,855
180,175,251.0478042,854
179,175,249.6177077,851
178,175,249.6177077,850
178,175,248.2196608,849.5
178,174,248.2196608,846.5
178,173,248.2196608,845.5
178,173,247.5035353,845
177,173,247.5035353,844
176,173,246.7893839,842
175,173,245.367072,839
174,173,245.367072,836
174,173,244.6630336,834.5
174,172,244.6630336,832.5
174,171,243.2611765,829.5
174,170,243.2611765,827.5
174,170,242.5469027,826.5
173,170,242.5469027,825.5
173,170,241.8470591,825
173,169,241.8470591,821
173,169,240.420465,819
172,169,240.420465,816
171,169,240.420465,815
170,169,239.7102418,814
170,169,239.0062761,813.5
170,168,239.0062761,812.5
170,168,237.5878785,812
169,168,237.5878785,809
168,168,237.5878785,808
167,168,236.8818271,805
167,168,236.1736649,803.5
167,167,236.1736649,800.5
167,167,235.4676199,799
166,167,235.4676199,798
166,167,234.7594514,797.5
166,166,234.7594514,794.5
166,165,233.3495232,791.5
166,164,233.3495232,789.5
166,164,232.6392056,788.5
165,164,232.6392056,787.5
164,164,231.2249986,784.5
163,164,231.2249986,781.5
163,164,230.5168107,780
163,163,230.5168107,779
163,162,229.8107917,777
163,162,228.3965849,776
162,162,228.3965849,773
161,162,228.3965849,772
160,162,227.6927755,769
160,162,226.9823782,767.5
160,161,226.9823782,766.5
160,160,226.27417,764.5
160,159,225.5681715,762.5
160,158,224.1628872,759.5
160,157,224.1628872,758.5
160,156,223.4636436,757.5
160,155,222.7666941,756.5
160,154,222.0720604,755.5
160,154,221.3526598,755
159,154,221.3526598,754
158,154,219.9204402,751
157,154,219.9204402,750
157,154,219.2213493,749.5
157,153,219.2213493,747.5
157,152,217.8302091,744.5
157,151,217.8302091,743.5
157,150,216.4486082,740.5
157,149,216.4486082,738.5
157,149,215.0023256,737.5
156,149,215.0023256,734.5
155,149,215.0023256,732.5
155,149,214.3105224,731.5
155,148,214.3105224,728.5
155,148,213.5883892,727
154,148,213.5883892,726
154,148,212.8966886,725.5
154,147,212.8966886,723.5
154,147,211.4544868,722.5
153,147,211.4544868,719.5
152,147,211.4544868,718.5
152,147,210.7605276,718
152,146,210.7605276,717
152,145,209.3800373,714
152,144,209.3800373,713
152,144,208.655218,712.5
151,144,208.655218,711.5
151,144,207.2800039,711
151,143,207.2800039,708
151,142,207.2800039,707
151,141,206.5962246,705
151,140,205.915031,703
151,140,205.1828453,702
150,140,205.1828453,700
149,140,204.4529286,698
148,140,203.7253053,696
147,140,202.2770377,693
146,140,202.2770377,690
145,140,201.5564437,689
145,140,200.8631375,688.5
145,139,200.8631375,687.5
145,138,199.4843352,684.5
145,137,199.4843352,682.5
145,137,198.7586476,681.5
144,137,198.7586476,680.5
144,137,198.0706945,680
144,136,198.0706945,679
144,136,197.3448758,678.5
143,136,197.3448758,677.5
142,136,195.9004849,674.5
141,136,195.9004849,671.5
140,136,194.4659353,668.5
139,136,194.4659353,666.5
138,136,193.7524193,665.5
137,136,192.3330445,662.5
136,136,192.3330445,660.5
135,136,191.6272423,659.5
134,136,190.2235527,656.5
133,136,190.2235527,653.5
132,136,188.8306119,650.5
131,136,188.8306119,649.5
131,136,188.111669,649
131,135,188.111669,647
131,135,187.4166481,646
130,135,187.4166481,642
130,135,186.6976165,640
130,134,186.6976165,639
130,134,185.3105502,638.5
129,134,185.3105502,635.5
128,134,185.3105502,634.5
128,134,184.5887321,634
128,133,184.5887321,633
128,132,183.869519,631
128,131,183.1529416,630
128,130,182.4390309,629
128,130,181.0414317,628.5
127,130,181.0414317,625.5
126,130,181.0414317,624.5
126,130,179.6106901,624
126,129,179.6106901,621
126,128,179.6106901,619
126,127,178.8994131,618
126,126,178.1909089,617
126,126,177.4852107,616.5
125,126,177.4852107,613.5
125,126,176.0710084,612
125,125,176.0710084,609
125,124,176.0710084,608
125,124,175.3624817,607.5
124,124,175.3624817,603.5
123,124,173.9540169,600.5
122,124,173.9540169,599.5
121,124,172.5572369,596.5
120,124,172.5572369,594.5
119,124,171.8633178,593.5
118,124,171.1724277,592.5
117,124,170.4846034,591.5
117,124,169.0354992,591
117,123,169.0354992,588
117,122,169.0354992,586
117,122,168.3448841,585
116,122,168.3448841,583
115,122,167.6573887,581
114,122,166.9730517,579
113,122,165.6140091,576
112,122,165.6140091,570
111,122,164.9393828,569
110,122,164.2680736,567
109,122,163.6001222,565
108,122,162.9355701,564
108,122,161.4434886,563.5
108,121,161.4434886,560.5
108,120,161.4434886,559.5
108,120,160.776242,559
107,120,160.776242,558
106,120,159.4521872,555
105,120,159.4521872,553
105,120,157.9525245,552
105,119,157.9525245,549
105,118,157.9525245,547
105,117,156.4640534,544
105,116,156.4640534,542
105,115,154.9870962,539
105,114,154.9870962,538
105,114,154.3113735,537.5
104,114,154.3113735,536.5
103,114,152.9705854,533.5
102,114,152.9705854,532.5
102,114,152.2268045,532
102,113,152.2268045,530
102,112,151.4859729,529
102,112,150.8144555,528.5
101,112,150.8144555,527.5
101,112,150.0733154,527
101,111,150.0733154,525
101,110,149.3351934,524
101,109,148.6001346,523
101,108,147.1393897,520
101,107,147.1393897,518
101,107,146.4547712,517
100,107,146.4547712,515
99,107,145.7737974,513
99,107,144.3121616,512
99,106,144.3121616,509
99,105,144.3121616,507
99,104,143.586211,506
99,103,142.8635713,504
99,103,142.1724305,503
98,103,142.1724305,502
98,103,140.7302384,501.5
98,102,140.7302384,498.5
98,101,140.7302384,494.5
98,101,140.0357097,492.5
97,101,140.0357097,490.5
97,101,138.6001443,489.5
97,100,138.6001443,486.5
97,99,138.6001443,483.5
97,98,137.8876354,481.5
97,97,137.1787156,478.5
97,96,135.7718675,475.5
97,95,135.7718675,471.5
97,94,135.0740538,469.5
97,93,134.380058,468.5
97,92,133.6899398,466.5
97,91,133.0037593,464.5
97,91,132.2762261,463.5
96,91,132.2762261,462.5
95,91,131.552271,461.5
95,91,130.8625233,461
95,90,130.8625233,460
95,90,129.4179277,459.5
94,90,129.4179277,456.5
93,90,129.4179277,455.5
92,90,127.9882807,452.5
91,90,127.9882807,451.5
90,90,127.2792206,450.5
89,90,126.574089,446.5
89,90,125.1598977,444.5
89,89,125.1598977,441.5
89,88,125.1598977,440.5
89,88,124.4507935,440
88,88,124.4507935,439
87,88,123.745707,436
87,88,123.0365799,434.5
87,87,123.0365799,433.5
87,87,122.3315168,433
86,87,122.3315168,432
86,87,121.6223664,431.5
86,86,121.6223664,428.5
86,86,120.9173271,427
85,86,120.9173271,425
85,86,120.2081528,424
85,85,120.2081528,423
85,85,119.503138,422.5
84,85,119.503138,420.5
84,85,118.0889495,419.5
84,84,118.0889495,416.5
84,83,118.0889495,415.5
84,82,117.3882447,413.5
84,81,116,410.5
84,80,116,407.5
84,80,114.5600279,406
83,80,114.5600279,403
82,80,114.5600279,401
81,80,113.8463877,400
80,80,112.4322018,397
79,80,112.4322018,394
78,80,111.7318218,392
77,80,111.0360302,390
77,80,110.317723,389
77,79,110.317723,388
77,78,109.603832,387
77,77,108.1896483,384
77,76,108.1896483,381
77,76,107.4802307,379.5
76,76,107.4802307,378.5
75,76,106.7754653,376.5
75,76,106.0660172,375.5
75,75,106.0660172,372.5
75,74,104.6613587,369.5
75,73,104.6613587,368.5
75,73,103.9471019,368
74,73,103.9471019,367
73,73,103.2375901,365
73,73,101.8331969,364
73,72,101.8331969,361
73,71,101.8331969,359
73,70,101.1385189,356
73,70,100.4191217,354.5
72,70,100.4191217,353.5
72,70,99.72462083,353
72,69,99.72462083,351
72,68,99.03534723,348
72,67,97.67292358,345
72,66,97.67292358,342
72,66,96.20810777,340.5
71,66,96.20810777,337.5
70,66,96.20810777,334.5
70,66,95.52486587,333
70,65,95.52486587,332
70,64,94.84724561,331
70,64,94.11163584,330.5
69,64,94.11163584,329.5
68,64,93.38094024,328.5
68,64,92.02173656,328
68,63,92.02173656,325
68,62,92.02173656,324
68,61,90.68627239,321
68,60,90.68627239,320
68,59,90.02777349,319
68,59,89.27485648,318.5
67,59,89.27485648,315.5
66,59,87.78382539,312.5
65,59,87.78382539,310.5
64,59,87.04596487,306.5
64,59,86.37129153,304.5
64,58,86.37129153,303.5
64,57,85.0411665,300.5
64,56,85.0411665,298.5
64,55,84.3860178,296.5
64,54,83.73768566,294.5
64,54,82.97590012,293.5
63,54,82.97590012,290.5
63,54,82.32860985,289
63,53,82.32860985,288
63,52,81.05553652,285
63,51,81.05553652,284
63,51,79.51100553,283.5
62,51,79.51100553,280.5
61,51,79.51100553,278.5
60,51,78.74642849,277.5
60,51,78.10249676,277
60,50,78.10249676,275
60,49,77.46612163,274
60,48,76.83749085,272
60,47,75.60423269,269
60,46,75.60423269,268
60,45,75,267
60,45,74.20242584,266.5
59,45,74.20242584,264.5
58,45,72.62231062,261.5
57,45,72.62231062,259.5
57,45,72.00694411,258.5
57,44,72.00694411,257.5
57,43,71.40028011,256.5
57,43,69.8140387,256
56,43,69.8140387,253
55,43,69.8140387,252
54,43,69.02897942,249
54,43,67.80117993,247.5
54,42,67.80117993,244.5
54,41,67.80117993,242.5
54,41,66.21933252,241.5
53,41,66.21933252,238.5
52,41,66.21933252,237.5
51,41,64.66065264,234.5
50,41,64.66065264,231.5
49,41,63.12685641,228.5
48,41,63.12685641,225.5
47,41,62.36986452,222.5
47,41,61.7170965,221
47,40,61.7170965,220
47,39,60.44005295,217
47,38,60.44005295,214
47,38,59.66573556,212.5
46,38,59.66573556,211.5
46,38,58.41232747,211
46,37,58.41232747,208
46,36,58.41232747,207
46,36,56.85068161,206.5
45,36,56.85068161,203.5
44,36,56.85068161,201.5
43,36,56.08029957,200.5
42,36,55.31726674,199.5
42,36,54.67174773,199
42,35,54.67174773,197
42,34,54.03702434,193
42,33,52.80151513,190
42,32,52.80151513,189
42,32,52.0096145,188.5
41,32,52.0096145,186.5
41,32,51.4003891,185.5
41,31,51.4003891,184.5
41,30,50.80354318,183.5
41,29,49.64876635,180.5
41,28,49.64876635,175.5
41,28,48.82622246,173
40,28,48.82622246,172
39,28,48.01041554,170
38,28,47.20169488,169
37,28,46.40043103,163
36,28,44.82186966,160
35,28,44.82186966,159
35,28,44.20407221,158.5
35,27,44.20407221,157.5
35,27,43.41658669,157
34,27,43.41658669,155
33,27,41.86884283,152
32,27,41.86884283,151
32,27,41.23105626,150.5
32,26,41.23105626,147.5
32,25,40,144.5
32,24,40,143.5
32,23,38.83297568,140.5
32,22,38.83297568,139.5
32,22,38.01315562,139
31,22,38.01315562,137
31,22,37.44329045,136
31,21,37.44329045,134
31,20,36.35931793,131
31,19,36.35931793,129
31,18,35.84689666,127
31,18,34.98571137,126
30,18,34.98571137,124
29,18,33.28663395,121
28,18,33.28663395,119
28,18,32.75667871,118
28,17,32.75667871,117
28,16,32.24903099,115
28,16,30.52867504,114
27,16,30.52867504,111
26,16,30.52867504,109
25,16,29.68164416,108
25,16,29.15475947,107.5
25,15,29.15475947,105.5
25,14,28.17800561,102.5
25,13,28.17800561,101.5
25,13,26.41968963,101
24,13,26.41968963,98
23,13,26.41968963,97
22,13,24.69817807,94
21,13,24.69817807,93
20,13,23.85372088,90
20,13,23.32380758,88.5
20,12,23.32380758,87.5
20,12,21.63330765,87
19,12,21.63330765,84
18,12,21.63330765,83
18,12,21.09502311,82.5
18,11,21.09502311,80.5
18,10,20.59126028,78.5
18,10,19.72308292,77.5
17,10,19.72308292,74.5
17,10,19.23538406,73
17,9,19.23538406,72
17,9,17.49285568,71.5
16,9,17.49285568,68.5
15,9,17.49285568,65.5
14,9,16.64331698,64.5
13,9,15,61.5
12,9,15,59.5
12,9,14.4222051,58.5
12,8,14.4222051,57.5
12,8,13.60147051,57
11,8,13.60147051,56
10,8,12.80624847,54
10,8,11.66190379,53
10,7,11.66190379,50
10,6,11.66190379,48
10,6,10,47
9,6,10,44
8,6,10,39
8,6,9.433981132,36.5
8,5,9.433981132,32.5
8,5,8.602325267,30.5
7,5,8.602325267,28.5
6,5,7.810249676,26.5
6,5,6.708203932,25.5
6,4,6.708203932,22.5
6,3,6.708203932,20.5
6,3,5,19.5
5,3,5,16.5
4,3,5,15.5
3,3,4.242640687,14.5
2,3,3.16227766,11.5
1,3,3.16227766,10.5
1,3,2.236067977,10
1,2,2.236067977,8
1,2,2,7
0,2,2,5
0,2,0,4
0,1,0,1
0,0,0,0
289,289,408.7077195,1369.5
289,289,408.0012255,1369
289,289,408.0012255,1368.5
289,288,408.0012255,1367.5
289,288,406.5870141,1367
288,288,406.5870141,1364
287,288,406.5870141,1363
286,288,405.1777388,1360
285,288,405.1777388,1355
284,288,403.7734513,1352
283,288,403.7734513,1350
283,288,403.0607895,1349
283,287,403.0607895,1347
283,287,402.3592922,1346
282,287,402.3592922,1344
281,287,400.9600978,1341
280,287,400.9600978,1335
280,287,400.244925,1332
280,286,400.244925,1331
280,286,398.8483421,1330.5
279,286,398.8483421,1327.5
278,286,398.8483421,1324.5
278,286,398.1318877,1323
278,285,398.1318877,1322
278,285,397.4342713,1321.5
277,285,397.4342713,1320.5
277,285,396.0025252,1320
277,284,396.0025252,1317
277,283,396.0025252,1315
277,282,395.2885022,1314
277,282,394.5883931,1313.5
276,282,394.5883931,1310.5
275,282,393.192065,1307.5
274,282,393.192065,1305.5
273,282,392.4958599,1304.5
272,282,391.1074021,1301.5
271,282,391.1074021,1300.5
271,282,390.3869875,1300
271,281,390.3869875,1297
271,281,389.6934693,1295.5
270,281,389.6934693,1294.5
269,281,389.0012853,1293.5
268,281,388.3104428,1290.5
268,281,387.5874095,1289
268,280,387.5874095,1287
268,279,386.1450505,1284
268,278,386.1450505,1281
268,277,385.4257386,1280
268,276,384.7076812,1278
268,276,384.0117186,1277
267,276,384.0117186,1276
267,276,383.2936211,1275.5
267,275,383.2936211,1274.5
267,275,381.9031291,1274
266,275,381.9031291,1271
265,275,381.9031291,1270
264,275,381.2099159,1269
264,275,380.4891588,1268.5
264,274,380.4891588,1267.5
264,274,379.7959979,1267
263,274,379.7959979,1265
262,274,379.1042073,1263
261,274,378.4137947,1262
260,274,377.7247675,1260
259,274,377.0371334,1257
258,274,375.6660751,1254
257,274,375.6660751,1249
256,274,374.9826663,1248
256,274,374.2525885,1247.5
256,273,374.2525885,1246.5
256,273,372.8873825,1246
255,273,372.8873825,1243
254,273,372.8873825,1242
254,273,372.1558813,1241.5
254,272,372.1558813,1239.5
254,272,371.4740906,1238.5
253,272,371.4740906,1236.5
253,272,370.7424982,1235.5
253,271,370.7424982,1234.5
253,271,369.3805626,1234
252,271,369.3805626,1231
251,271,369.3805626,1227
250,271,368.7017765,1225
250,271,367.9673899,1224
250,270,367.9673899,1223
250,270,367.2887148,1222.5
249,270,367.2887148,1221.5
249,270,366.5542252,1221
249,269,366.5542252,1220
249,268,365.0890302,1217
249,267,365.0890302,1215
249,266,364.3583401,1214
249,266,363.6756797,1213.5
248,266,363.6756797,1212.5
247,266,362.9944903,1211.5
246,266,361.6365579,1208.5
245,266,361.6365579,1207.5
244,266,360.9598316,1205.5
243,266,360.2846097,1203.5
243,266,359.5469371,1202.5
243,265,359.5469371,1201.5
243,264,358.0754111,1198.5
243,263,358.0754111,1195.5
243,262,356.6090296,1192.5
243,261,356.6090296,1191.5
243,261,355.9283636,1191
242,261,355.9283636,1189
241,261,355.2492083,1185
241,261,354.5151619,1183
241,260,354.5151619,1182
241,259,353.782419,1179
241,258,352.3208765,1176
241,257,352.3208765,1175
241,256,350.8646463,1172
241,255,350.8646463,1171
241,254,350.138544,1170
241,253,349.4137948,1167
241,253,348.7248199,1165.5
240,253,348.7248199,1164.5
239,253,348.0373543,1163.5
238,253,347.3514071,1160.5
237,253,345.9841037,1157.5
236,253,345.9841037,1155.5
236,253,345.25353,1154.5
236,252,345.25353,1152.5
236,252,343.8895171,1151.5
235,252,343.8895171,1148.5
234,252,343.8895171,1147.5
234,252,343.1573983,1147
234,251,343.1573983,1146
234,250,341.6972344,1143
234,249,341.6972344,1142
234,249,341.0131962,1141.5
233,249,341.0131962,1140.5
232,249,340.3307215,1138.5
231,249,339.6498197,1132.5
230,249,338.2927726,1129.5
229,249,338.2927726,1128.5
229,249,336.8233959,1128
229,248,336.8233959,1125
229,247,336.8233959,1123
229,247,336.1443142,1122
228,247,336.1443142,1121
227,247,335.4668389,1120
227,247,333.997006,1119.5
227,246,333.997006,1116.5
227,245,333.997006,1114.5
227,244,333.2641595,1112.5
227,244,331.9051069,1111.5
226,244,331.9051069,1108.5
225,244,331.9051069,1106.5
224,244,330.5525677,1103.5
223,244,330.5525677,1102.5
222,244,329.8787656,1101.5
222,244,328.4021924,1101
222,243,328.4021924,1098
222,242,328.4021924,1096
222,241,327.6659885,1093
222,241,326.9892965,1091.5
221,241,326.9892965,1089.5
220,241,325.6409065,1086.5
219,241,325.6409065,1083.5
219,241,324.9015235,1082
219,240,324.9015235,1081
219,239,324.163539,1079
219,239,323.4887942,1078
218,239,323.4887942,1077
217,239,322.8157369,1076
216,239,321.4747268,1073
215,239,321.4747268,1071
215,239,320.7319753,1070
215,238,320.7319753,1069
215,238,320.0624939,1068.5
214,238,320.0624939,1067.5
214,238,318.5780909,1067
214,237,318.5780909,1064
214,236,318.5780909,1062
214,235,317.8380091,1059
214,234,316.3621343,1056
214,233,316.3621343,1055
214,233,315.6865534,1054.5
213,233,315.6865534,1052.5
213,233,314.9492023,1051.5
213,232,314.9492023,1049.5
213,231,313.4788669,1046.5
213,230,313.4788669,1045.5
213,229,312.7459033,1044.5
213,228,311.2844358,1041.5
213,227,311.2844358,1038.5
213,226,309.8289851,1035.5
213,225,309.8289851,1033.5
213,224,308.3796362,1030.5
213,223,308.3796362,1029.5
213,222,306.9364755,1026.5
213,221,306.9364755,1025.5
213,220,305.4995908,1022.5
213,219,305.4995908,1020.5
213,218,304.7835297,1018.5
213,217,303.3562262,1015.5
213,216,303.3562262,1012.5
213,215,302.6450066,1011.5
213,214,301.9354236,1009.5
213,213,301.2274888,1008.5
213,212,300.5212139,1003.5
213,211,299.1136908,1000.5
213,210,299.1136908,997.5
213,209,297.712949,994.5
213,208,297.712949,989.5
213,207,296.3190848,986.5
213,206,296.3190848,984.5
213,205,294.9321956,981.5
213,204,294.9321956,979.5
213,204,294.2108088,978.5
212,204,294.2108088,976.5
212,204,293.5183129,975.5
212,203,293.5183129,974.5
212,202,292.8275943,971.5
212,201,291.4515397,968.5
212,200,291.4515397,964.5
212,199,290.7662291,963.5
212,198,290.0827468,961.5
212,197,288.7213189,958.5
212,196,288.7213189,956.5
212,196,287.987847,955.5
211,196,287.987847,954.5
211,196,287.3081969,954
211,195,287.3081969,950
211,195,286.5745976,948
210,195,286.5745976,947
210,195,285.8950857,946.5
210,194,285.8950857,944.5
210,193,285.2174609,943.5
210,193,284.4819854,943
209,193,284.4819854,942
208,193,283.0159006,939
207,193,283.0159006,938
206,193,281.5563887,935
205,193,281.5563887,934
205,193,280.8718569,933.5
205,192,280.8718569,932.5
205,192,280.1428207,932
204,192,280.1428207,931
204,192,279.4584048,930.5
204,191,279.4584048,929.5
204,191,278.0017986,929
203,191,278.0017986,926
202,191,278.0017986,923
202,191,276.6315239,921.5
202,190,276.6315239,918.5
202,189,276.6315239,916.5
202,189,275.1744901,915.5
201,189,275.1744901,912.5
200,189,275.1744901,910.5
200,189,274.4886154,909.5
200,188,274.4886154,908.5
200,187,273.8046749,906.5
200,186,273.1226831,904.5
200,185,272.4426545,903.5
200,185,271.7094036,903
199,185,271.7094036,900
199,185,271.0295187,898.5
199,184,271.0295187,897.5
199,184,270.2961339,897
198,184,270.2961339,896
197,184,269.5644635,894
197,184,268.8828741,893
197,183,268.8828741,891
197,182,268.2032811,888
197,181,266.8501452,885
197,180,266.8501452,884
197,180,265.3770902,883.5
196,180,265.3770902,880.5
195,180,265.3770902,878.5
194,180,263.9109698,875.5
193,180,263.9109698,873.5
192,180,263.1805464,872.5
192,180,262.497619,872
192,179,262.497619,871
192,178,261.8167298,868
192,178,261.0842776,866.5
191,178,261.0842776,864.5
190,178,259.6247292,861.5
189,178,259.6247292,858.5
188,178,258.8976632,857.5
187,178,257.4490241,854.5
186,178,257.4490241,850.5
185,178,256.0078124,847.5
184,178,256.0078124,846.5
183,178,255.2900311,845.5
182,178,254.5741542,844.5
182,178,253.875954,844
182,177,253.875954,842
182,176,252.4856432,839
182,175,252.4856432,837
182,174,251.1035643,834
182,173,251.1035643,833
182,173,249.6577658,832.5
181,173,249.6577658,829.5
180,173,249.6577658,828.5
179,173,248.9377432,827.5
179,173,248.2438317,827
179,172,248.2438317,825
179,171,247.5520147,823
179,170,246.8623098,822
179,169,246.1747347,820
179,169,245.448569,819
178,169,245.448569,815
178,169,244.761108,813
178,168,244.761108,811
178,167,244.0758079,808
178,166,242.7117632,805
178,165,242.7117632,802
178,164,241.3565827,799
178,163,241.3565827,798
178,162,240.0104164,795
178,161,240.0104164,790
178,160,239.3407613,789
178,160,238.5979883,788.5
177,160,238.5979883,787.5
177,160,237.9285607,787
177,159,237.9285607,786
177,159,237.1855813,785.5
176,159,237.1855813,784.5
176,159,236.5163842,784
176,158,236.5163842,781
176,157,235.1850335,778
176,156,235.1850335,775
176,155,234.52292,773
176,154,233.8632079,771
176,153,233.2059176,769
176,153,232.4521456,768
175,153,232.4521456,767
175,153,231.1406498,766.5
175,152,231.1406498,763.5
175,151,231.1406498,762.5
175,150,230.4886114,761.5
175,149,229.8390741,759.5
175,149,229.0785891,758.5
174,149,229.0785891,757.5
173,149,228.3199509,756.5
172,149,227.563178,755.5
172,149,226.9096737,755
172,148,226.9096737,752
172,148,226.1526033,750.5
171,148,226.1526033,749.5
170,148,225.3974268,748.5
169,148,223.8928315,745.5
168,148,223.8928315,744.5
168,148,223.2330621,744
168,147,223.2330621,742
168,147,221.73182,741
167,147,221.73182,738
166,147,221.73182,737
165,147,220.2385071,734
164,147,220.2385071,732
163,147,219.4948747,731
162,147,218.7532857,730
162,147,218.0825532,729.5
162,146,218.0825532,728.5
162,145,217.414351,726.5
162,144,216.0856312,723.5
162,143,216.0856312,721.5
162,142,215.425161,720.5
162,142,214.6741717,720
161,142,214.6741717,719
160,142,213.9252206,718
159,142,213.1783291,716
158,142,212.433519,715
157,142,211.6908123,713
156,142,210.9502311,712
155,142,210.211798,711
155,142,209.5375861,710.5
155,141,209.5375861,708.5
155,140,208.8659857,705.5
155,139,207.5307206,702.5
155,138,207.5307206,699.5
155,137,206.8671071,697.5
155,136,206.2062075,695.5
155,135,204.8926548,692.5
155,134,204.8926548,691.5
155,134,203.3838735,691
154,134,203.3838735,688
153,134,203.3838735,686
152,134,202.6326726,685
151,134,201.1367694,682
150,134,201.1367694,681
149,134,200.3921156,679
148,134,199.6496932,675
148,134,198.3128841,673
148,133,198.3128841,670
148,132,198.3128841,669
148,132,197.5677099,668.5
147,132,197.5677099,667.5
146,132,196.8247952,666.5
146,132,196.1555505,666
146,131,196.1555505,665
146,130,195.4891301,661
146,130,194.7434209,659
145,130,194.7434209,658
145,130,194.0773042,657.5
145,129,194.0773042,656.5
145,128,193.4140636,654.5
145,128,192.6655133,653.5
144,128,192.6655133,652.5
143,128,191.9192539,649.5
142,128,190.4337155,646.5
141,128,190.4337155,645.5
140,128,189.6944912,642.5
139,128,188.2232717,639.5
138,128,188.2232717,637.5
137,128,186.7618805,634.5
136,128,186.7618805,630.5
136,128,185.3968716,628.5
136,127,185.3968716,625.5
136,126,185.3968716,623.5
136,125,184.7187051,622.5
136,124,184.0434731,621.5
136,124,183.3057555,621
135,124,183.3057555,620
134,124,182.5705343,619
134,124,181.8928256,618.5
134,123,181.8928256,617.5
134,122,181.2181006,615.5
134,121,179.8777363,612.5
134,120,179.8777363,610.5
134,119,178.549713,607.5
134,118,178.549713,606.5
134,118,177.8004499,606
133,118,177.8004499,605
132,118,177.0536642,603
131,118,176.3093872,600
131,118,175.6416807,598.5
131,117,175.6416807,597.5
131,116,174.9771414,596.5
131,115,174.3158054,595.5
131,114,173.0028901,592.5
131,113,173.0028901,591.5
131,113,171.4934401,591
130,113,171.4934401,588
129,113,171.4934401,586
128,113,170.7424962,585
128,113,169.4254999,584.5
128,112,169.4254999,581.5
128,111,169.4254999,576.5
128,110,168.1219795,573.5
128,109,168.1219795,571.5
128,108,167.4753713,569.5
128,107,166.1926593,566.5
128,106,166.1926593,564.5
128,105,165.5566368,563.5
128,105,164.784708,563
127,105,164.784708,562
126,105,164.0152432,561
126,105,163.3768649,560.5
126,104,163.3768649,558.5
126,104,162.6068879,557.5
125,104,162.6068879,556.5
124,104,161.8394266,553.5
123,104,160.3121954,550.5
122,104,160.3121954,548.5
121,104,158.7954659,545.5
120,104,158.7954659,542.5
120,104,158.1423409,541
120,103,158.1423409,540
120,102,157.492857,539
120,101,156.8470593,538
120,100,156.2049935,537
120,99,154.9322433,534
120,98,154.9322433,533
120,98,154.1590088,532.5
119,98,154.1590088,529.5
119,98,153.5252422,528
119,97,153.5252422,527
119,97,152.7514321,526.5
118,97,152.7514321,525.5
118,97,151.4892735,525
118,96,151.4892735,522
118,95,151.4892735,520
118,94,150.8641773,519
118,94,150.0833102,518.5
117,94,150.0833102,516.5
116,94,148.5294584,513.5
115,94,148.5294584,512.5
114,94,146.9863939,509.5
113,94,146.9863939,508.5
112,94,146.2190138,507.5
112,94,145.5781577,507
112,93,145.5781577,502
112,92,144.3086969,499
112,91,144.3086969,498
112,91,142.7620398,497.5
111,91,142.7620398,494.5
110,91,142.7620398,492.5
109,91,141.226768,489.5
108,91,141.226768,484.5
108,91,139.9464183,482
108,90,139.9464183,479
108,89,139.9464183,478
108,88,139.3125981,475
108,88,137.7679208,473.5
107,88,137.7679208,470.5
106,88,137.7679208,468.5
105,88,136.2350909,465.5
104,88,136.2350909,464.5
103,88,135.4732446,463.5
103,88,134.8258136,463
103,87,134.8258136,462
103,86,134.1827113,461
103,85,133.5440002,460
103,84,132.280006,457
103,83,132.280006,455
103,82,131.0343466,452
103,81,131.0343466,451
103,80,130.418557,449
103,80,129.6302434,448
102,80,129.6302434,445
101,80,128.0624847,442
100,80,128.0624847,441
100,80,127.440182,440.5
100,79,127.440182,439.5
100,79,126.6570172,439
99,79,126.6570172,437
99,79,125.4192968,436
99,78,125.4192968,433
99,77,125.4192968,432
99,77,124.6314567,431.5
98,77,124.6314567,429.5
98,77,124.016128,428.5
98,76,124.016128,427.5
98,76,122.4418229,427
97,76,122.4418229,424
96,76,122.4418229,423
95,76,121.6593605,422
95,76,120.420098,421.5
95,75,120.420098,418.5
95,74,120.420098,415.5
95,74,118.8486432,414
94,74,118.8486432,411
93,74,118.8486432,410
92,74,117.2902383,407
91,74,117.2902383,404
90,74,115.7454103,401
89,74,115.7454103,397
88,74,114.9782588,396
88,74,114.3372205,395.5
88,73,114.3372205,394.5
88,73,113.5693621,394
87,73,113.5693621,391
87,73,112.9291813,389.5
87,72,112.9291813,388.5
87,72,111.3956911,388
86,72,111.3956911,385
85,72,111.3956911,384
84,72,110.6345335,383
84,72,109.3434955,382.5
84,71,109.3434955,379.5
84,70,109.3434955,377.5
84,69,108.7060256,376.5
84,69,107.9351657,376
83,69,107.9351657,375
82,69,107.1680923,374
81,69,106.4048871,372
81,69,105.1189802,371
81,68,105.1189802,368
81,67,105.1189802,367
81,66,104.4844486,366
81,65,103.8556691,364
81,64,102.6157883,361
81,63,102.6157883,358
81,62,101.4001972,355
81,61,101.4001972,352
81,60,100.8017857,351
81,59,100.20978,349
81,58,99.62429423,347
81,58,98.81295462,346
80,58,98.81295462,345
79,58,98.00510191,343
79,58,97.41663102,342
79,57,97.41663102,341
79,56,96.26006441,338
79,55,96.26006441,336
79,54,95.69221494,334
79,53,95.13148795,332
79,53,93.47726996,331
78,53,93.47726996,328
77,53,93.47726996,326
77,53,92.35799911,325
77,52,92.35799911,322
77,51,92.35799911,321
77,51,90.69729875,320.5
76,51,90.69729875,317.5
75,51,90.69729875,314.5
74,51,89.87213139,313.5
74,51,89.30845425,313
74,50,89.30845425,312
74,50,87.658428,311.5
73,50,87.658428,308.5
72,50,87.658428,305.5
71,50,86.83893136,304.5
70,50,86.02325267,303.5
70,50,84.8763807,303
70,49,84.8763807,300
70,48,84.8763807,299
70,48,84.05355436,298.5
69,48,84.05355436,297.5
69,48,83.48652586,297
69,47,83.48652586,296
69,46,82.37718131,293
69,45,82.37718131,292
69,45,81.54140053,291.5
68,45,81.54140053,289.5
68,45,80.45495634,288.5
68,44,80.45495634,285.5
68,43,80.45495634,283.5
68,42,79.40403012,280.5
68,41,79.40403012,274.5
68,41,77.69813383,271.5
67,41,77.69813383,268.5
66,41,77.69813383,267.5
66,41,77.17512553,267
66,40,77.17512553,266
66,39,76.66159404,265
66,39,74.94664769,264.5
65,39,74.94664769,261.5
64,39,74.94664769,260.5
64,39,73.92563831,260
64,38,73.92563831,257
64,37,73.92563831,253
64,36,73.430239,252
64,36,72.56031973,251.5
63,36,72.56031973,250.5
62,36,71.69379332,249.5
62,36,71.19691005,249
62,35,71.19691005,248
62,34,70.23531875,245
62,33,70.23531875,244
62,33,69.35416354,243.5
61,33,69.35416354,241.5
61,33,68.8839604,240.5
61,32,68.8839604,239.5
61,32,68,239
60,32,68,238
60,32,67.53517602,237.5
60,31,67.53517602,232.5
60,31,66.64833081,230
59,31,66.64833081,229
59,31,66.18912297,228.5
59,30,66.18912297,227.5
59,30,65.29931087,227
58,30,65.29931087,225
58,30,64.40496875,224
58,29,64.40496875,221
58,28,64.40496875,220
58,28,63.50590524,219.5
57,28,63.50590524,218.5
56,28,62.60990337,215.5
56,28,62.16912417,214
56,27,62.16912417,212
56,27,61.26989473,211
55,27,61.26989473,206
55,27,60.41522987,203.5
55,26,60.41522987,200.5
55,25,60.41522987,198.5
55,25,58.6003413,197.5
54,25,58.6003413,194.5
53,25,58.6003413,193.5
53,25,58.18075283,193
53,24,58.18075283,192
53,24,57.27128425,191.5
52,24,57.27128425,189.5
52,24,56.8594759,188.5
52,23,56.8594759,186.5
52,23,55.03635162,185.5
51,23,55.03635162,182.5
50,23,55.03635162,179.5
49,23,53.22593353,176.5
48,23,53.22593353,173.5
47,23,51.42956348,170.5
46,23,51.42956348,169.5
45,23,50.53711507,168.5
44,23,48.76474136,165.5
43,23,48.76474136,163.5
42,23,47.88527958,160.5
42,23,47.41307836,159
42,22,47.41307836,157
42,21,46.5188134,154
42,20,46.5188134,152
42,20,44.72135955,151
41,20,44.72135955,148
40,20,44.72135955,145
40,20,44.28317965,143.5
40,19,44.28317965,142.5
40,19,43.38202393,142
39,19,43.38202393,141
38,19,42.48529157,140
38,19,42.04759208,139.5
38,18,42.04759208,138.5
38,18,41.14608122,138
37,18,41.14608122,137
36,18,39.35733731,134
35,18,39.35733731,133
34,18,38.47076812,131
34,18,38.01315562,130
34,17,38.01315562,129
34,16,37.57658846,127
34,15,36.76955262,124
34,14,36.76955262,122
34,13,36.40054945,121
34,13,34.53983208,120.5
33,13,34.53983208,117.5
32,13,34.53983208,116.5
31,13,33.61547263,114.5
30,13,31.78049716,111.5
29,13,31.78049716,110.5
29,13,31.38470965,110
29,12,31.38470965,109
29,12,30.46309242,108.5
28,12,30.46309242,107.5
28,12,30.08321791,107
28,11,30.08321791,106
28,10,29.73213749,105
28,9,29.41088234,101
28,9,28.46049894,99
27,9,28.46049894,98
27,9,28.16025568,97.5
27,8,28.16025568,96.5
27,8,27.20294102,96
26,8,27.20294102,90
25,8,25.29822128,87
24,8,25.29822128,86
23,8,24.35159132,81
22,8,22.47220505,78
21,8,22.47220505,75
20,8,21.54065923,73
19,8,19.6977156,70
18,8,19.6977156,65
17,8,17.88854382,62
16,8,17.88854382,61
15,8,17,59
14,8,16.1245155,58
13,8,15.26433752,56
12,8,13.60147051,53
11,8,13.60147051,50
10,8,12.80624847,49
9,8,12.04159458,47
9,8,11.40175425,46
9,7,11.40175425,44
9,6,10.29563014,41
9,5,10.29563014,39
9,5,8.602325267,38
8,5,8.602325267,35
7,5,8.602325267,33
6,5,7.810249676,29
6,5,7.211102551,27
6,4,7.211102551,25
6,3,6.32455532,22
6,2,6.32455532,21
6,2,4.472135955,20.5
5,2,4.472135955,17.5
4,2,4.472135955,14.5
3,2,3.605551275,12.5
3,2,3.16227766,11.5
3,1,3.16227766,8.5
3,1,1.414213562,7
2,1,1.414213562,4
1,1,1.414213562,3
1,1,1,2.5
1,0,1,1.5
1,0,0,1
0,0,0,0